{"<UNKNOWN>": {"precision": 1.0, "recall": 1.0, "f1-score": 1.0, "support": 0}, "GET_ESTIMATED_DURATION": {"precision": 0.9089285714285714, "recall": 0.9408502772643254, "f1-score": 0.924613987284287, "support": 541}, "GET_INFO_TRAFFIC": {"precision": 0.918133129303749, "recall": 0.9615384615384616, "f1-score": 0.939334637964775, "support": 1248}, "GET_EVENT": {"precision": 0.9468960359012715, "recall": 0.9768518518518519, "f1-score": 0.9616407140144322, "support": 1296}, "UNSUPPORTED_NAVIGATION": {"precision": 0.711764705882353, "recall": 0.5, "f1-score": 0.587378640776699, "support": 242}, "GET_DISTANCE": {"precision": 0.9541984732824428, "recall": 0.9652509652509652, "f1-score": 0.9596928982725528, "support": 259}, "GET_ESTIMATED_DEPARTURE": {"precision": 0.9080459770114943, "recall": 0.8777777777777778, "f1-score": 0.8926553672316384, "support": 90}, "UNSUPPORTED": {"precision": 0.7477477477477478, "recall": 0.5608108108108109, "f1-score": 0.640926640926641, "support": 148}, "GET_INFO_ROAD_CONDITION": {"precision": 0.7843137254901961, "recall": 0.8888888888888888, "f1-score": 0.8333333333333334, "support": 45}, "UPDATE_DIRECTIONS": {"precision": 0.65, "recall": 0.6842105263157895, "f1-score": 0.6666666666666667, "support": 38}, "COMBINE": {"precision": 0.5, "recall": 0.14285714285714285, "f1-score": 0.22222222222222224, "support": 7}, "GET_DIRECTIONS": {"precision": 0.8355704697986577, "recall": 0.8586206896551725, "f1-score": 0.8469387755102041, "support": 290}, "GET_ESTIMATED_ARRIVAL": {"precision": 0.8894009216589862, "recall": 0.9278846153846154, "f1-score": 0.9082352941176471, "support": 208}, "UNSUPPORTED_EVENT": {"precision": 0.7692307692307693, "recall": 0.25, "f1-score": 0.37735849056603776, "support": 40}, "GET_INFO_ROUTE": {"precision": 0.0, "recall": 0.0, "f1-score": 0.0, "support": 3}, "GET_LOCATION": {"precision": 0.5, "recall": 0.2857142857142857, "f1-score": 0.36363636363636365, "support": 7}, "GET_EVENT_ATTENDEE_AMOUNT": {"precision": 1.0, "recall": 1.0, "f1-score": 1.0, "support": 0}, "GET_EVENT_ATTENDEE": {"precision": 1.0, "recall": 1.0, "f1-score": 1.0, "support": 0}, "UNINTELLIGIBLE": {"precision": 1.0, "recall": 1.0, "f1-score": 1.0, "support": 0}, "GET_EVENT_ORGANIZER": {"precision": 1.0, "recall": 1.0, "f1-score": 1.0, "support": 0}, "micro avg": {"precision": 0.9029583146571044, "recall": 0.9029583146571044, "f1-score": 0.9029583146571044, "support": 4462}, "macro avg": {"precision": 0.801211526336812, "recall": 0.7410628146655044, "f1-score": 0.756231701626175, "support": 4462}, "weighted avg": {"precision": 0.8968147040354855, "recall": 0.9029583146571044, "f1-score": 0.8967387376565442, "support": 4462}, "accuracy": 0.9029583146571044}